,0
0,https://www.mobilbekas.co.id/bekas/jual-toyota-agya-trd-at-thn-2015_i119570
1,https://www.mobilbekas.co.id/bekas/2018-mitsubishi-pajero-sport-dakar-suv_i119320
2,https://www.mobilbekas.co.id/bekas/ignis-gx-at-2018-agsmatic-pajak-panjang-tgn-1_i119214
3,https://www.mobilbekas.co.id/bekas/jual-honda-crv-2013-matic-prestige_i119028
4,https://www.mobilbekas.co.id/bekas/avanza-e-2019_i111872
5,https://www.mobilbekas.co.id/bekas/mitsubishi-xpander2019_i111385
6,https://www.mobilbekas.co.id/bekas/avansa-g_i111378
7,https://www.mobilbekas.co.id/bekas/suzuki-sx4-cross_i111373
8,https://www.mobilbekas.co.id/bekas/l300_i111368
9,https://www.mobilbekas.co.id/bekas/carry-pick-up-2019_i111362
10,https://www.mobilbekas.co.id/bekas/ingin-punya-mobil-bisa-untuk-usaha_i109352
11,https://www.mobilbekas.co.id/bekas/jual-innova-g-2017_i100860
12,https://www.mobilbekas.co.id/bekas/jual-innova-g-bualn-02th-2017_i100859
13,https://www.mobilbekas.co.id/bekas/furtuner-2-5-at-2015_i100499
14,https://www.mobilbekas.co.id/bekas/di-jual-mobil-avanza-tipe-g-tahun-2007_i99116
15,https://www.mobilbekas.co.id/bekas/di-jual-honda-civic-ferio-tahun-1996_i99115
16,https://www.mobilbekas.co.id/bekas/pajero_i98649
17,https://www.mobilbekas.co.id/bekas/harga-subaru-impreza-2014_i94382
